{
    "model_sizes": {
        "Original": 18.899304389953613,
        "FP32": 8.527862548828125,
        "FP16": 8.527867317199707,
        "INT8": 13.552163124084473
    },
    "average_times": {
        "Original": 1.1366289959080278,
        "FP32": 0.4645480442200278,
        "FP16": 0.46456257116995403,
        "INT8": 0.6157943831
    },
    "throughputs": {
        "Original": 40.470549463021236,
        "FP32": 99.02097441230994,
        "FP16": 99.01787800974503,
        "INT8": 74.70025914888862
    },
    "metrics": {
        "Original": {
            "accuracy": 0.9782608695652174,
            "precision": 0.967741935483871,
            "recall": 1.0,
            "f1_score": 0.9836065573770492
        },
        "FP32": {
            "accuracy": 0.9782608695652174,
            "precision": 0.967741935483871,
            "recall": 1.0,
            "f1_score": 0.9836065573770492
        },
        "FP16": {
            "accuracy": 0.9782608695652174,
            "precision": 0.967741935483871,
            "recall": 1.0,
            "f1_score": 0.9836065573770492
        },
        "INT8": {
            "accuracy": 0.9782608695652174,
            "precision": 0.967741935483871,
            "recall": 1.0,
            "f1_score": 0.9836065573770492
        }
    }
}